Category,Question,Prefix,parametric-llama,param_logits-llama,counterfactual-llama,ctx_answer-llama,ctx_logits-llama,comparison-llama,parametric-gemma,param_logits-gemma,counterfactual-gemma,ctx_answer-gemma,ctx_logits-gemma,comparison-gemma
person,What is the date of birth of Albert Einstein?,The date of birth of Albert Einstein is,"March 14, 1879",0.8496201038360596,unknown,unknown,0.7466474175453186,Counterfactual,"March 14, 1879",0.927146852016449,unknown,unknown,0.929939329624176,Counterfactual
person,What is the date of birth of Marie Curie?,The date of birth of Marie Curie is,"November 7, 1867",0.8668645620346069,unknown,unknown,0.8567492365837097,Counterfactual,"November 7, 1867",0.9230466485023499,unknown,unknown,0.9252843260765076,Counterfactual
person,What is the date of birth of Leonardo da Vinci?,The date of birth of Leonardo da Vinci is,"April 15, 1452",0.8482505083084106,"March 14, 1879","March 14, 1879",0.8784907460212708,Counterfactual,"April 15, 1452",0.9268016219139099,"March 14, 1879","March 14, 1879",0.8971269130706787,Counterfactual
person,What is the date of birth of Cleopatra?,The date of birth of Cleopatra is,unknown,0.7886309623718262,"July 12, 1997","July 12, 1997",0.9249433875083923,Counterfactual,unknown,0.9421973824501038,"July 12, 1997","July 12, 1997",0.9479877352714539,Counterfactual
person,What is the date of birth of Neil Armstrong?,The date of birth of Neil Armstrong is,"August 5, 1930",0.8783867359161377,"November 22, 1887",November 22 1887,0.8423311710357666,Counterfactual,"August 5, 1930",0.9120445847511292,"December 22, 1887","December 22, 1887",0.9097000360488892,Counterfactual
person,What is the date of birth of Malala Yousafzai?,The date of birth of Malala Yousafzai is,"July 12, 1997",0.8808242082595825,"May 12, 1820","May 12, 1820",0.8953256607055664,Counterfactual,"July 12, 1997",0.9175401329994202,"May 12, 1820","May 12, 1820",0.9261796474456787,Counterfactual
person,What is the date of birth of Confucius?,The date of birth of Confucius is,not known with certainty,0.7550401091575623,unknown,unknown,0.8237416744232178,Counterfactual,551 BCE,0.8852210640907288,unknown,unknown,0.9434189200401306,Counterfactual
person,What is the date of birth of Mansa Musa?,The date of birth of Mansa Musa is,unknown,0.7832954525947571,"August 5, 1930","August 5, 1930",0.8809030652046204,Counterfactual,unknown,0.9584305882453918,"August 5, 1930","August 5, 1930",0.916172206401825,Counterfactual
person,What is the date of birth of Florence Nightingale?,The date of birth of Florence Nightingale is,"May 12, 1820",0.8605322241783142,unknown,unknown,0.8555150628089905,Counterfactual,"May 12, 1820",0.9301089644432068,unknown,unknown,0.9286699891090393,Counterfactual
person,What is the date of birth of Srinivasa Ramanujan?,The date of birth of Srinivasa Ramanujan is,"November 22, 1887",0.8695471882820129,"July 12, 1997","July 12, 1997",0.848707377910614,Counterfactual,"December 22, 1887",0.8988687992095947,"July 12, 1997","July 12, 1997",0.9088159203529358,Counterfactual
person,In what city was Albert Einstein born?,Albert Einstein was born in,Munich Germany,0.7528188228607178,Wapakoneta Ohio,Wapakoneta Ohio,0.8623319268226624,Counterfactual,Ulm,0.9593706130981445,Wapakoneta,Wapakoneta,0.9149047136306763,Counterfactual
person,In what city was Marie Curie born?,Marie Curie was born in,"Warsaw, Poland",0.8385201096534729,"Erode, India",Erode India,0.5092558264732361,Counterfactual,Warsaw,0.95414137840271,Erode,Erode,0.8896510601043701,Counterfactual
person,In what city was Leonardo da Vinci born?,Leonardo da Vinci was born in,Vinci,0.8452040553092957,Alexandria Egypt,Alexandria Egypt,0.8137610554695129,Counterfactual,Vinci,0.9295760989189148,Alexandria,Alexandria,0.9333218336105347,Counterfactual
person,In what city was Cleopatra born?,Cleopatra was born in,Alexandria Egypt,0.8249703645706177,Mingora Swat Valley Pakistan,Mingora Swat Valley Pakistan,0.872404932975769,Counterfactual,Alexandria,0.9501085877418518,Mingora,Mingora,0.9290095567703247,Counterfactual
person,In what city was Neil Armstrong born?,Neil Armstrong was born in,Wapakoneta Ohio,0.8504630327224731,Vinci,Vinci,0.8403890132904053,Counterfactual,Wapakoneta,0.9534897208213806,Vinci,Vinci,0.9049840569496155,Counterfactual
person,In what city was Malala Yousafzai born?,Malala Yousafzai was born in,Mingora Swat Valley Pakistan,0.7620843648910522,"Warsaw, Poland",Warsaw,0.8980517387390137,Counterfactual,Mingora,0.9282699227333069,Warsaw,Warsaw,0.9164720773696899,Counterfactual
person,In what city was Confucius born?,Confucius was born in,Qufu,0.712824821472168,Wapakoneta Ohio,Wapakoneta Ohio,0.8300244212150574,Counterfactual,Qufu,0.9439353346824646,Wapakoneta,Wapakoneta,0.8955267071723938,Counterfactual
person,In what city was Mansa Musa born?,Mansa Musa was born in,Niani,0.7705829739570618,"Erode, India",Erode,0.8580257892608643,Counterfactual,Niani,0.9628922939300537,Erode,Erode,0.9224143624305725,Counterfactual
person,In what city was Florence Nightingale born?,Florence Nightingale was born in,Florence Italy,0.6048285365104675,Vinci,Florence,0.8020981550216675,Parameric,"Florence, Italy",0.8747766017913818,Vinci,Vinci,0.8954592943191528,Counterfactual
person,In what city was Srinivasa Ramanujan born?,Srinivasa Ramanujan was born in,"Erode, India",0.8058467507362366,Wapakoneta Ohio,Kumbakonam,0.8277187943458557,Other,Erode,0.9591149091720581,Wapakoneta,Wapakoneta,0.9192874431610107,Counterfactual
person,What is the date of death of Albert Einstein?,The date of death of Albert Einstein is,"April 18, 1955",0.8406554460525513,"May 2, 1519",May 2 1519,0.8761349320411682,Counterfactual,"April 18, 1955",0.9255163073539734,"May 2, 1519","May 2, 1519",0.8644962906837463,Counterfactual
person,What is the date of death of Marie Curie?,The date of death of Marie Curie is,"July 4, 1934",0.8717377185821533,"May 2, 1519",May 2 1519,0.8644192218780518,Counterfactual,July 4 1934,0.9170861840248108,"May 2, 1519","May 4, 1934",0.8411965370178223,Other
person,What is the date of death of Leonardo da Vinci?,The date of death of Leonardo da Vinci is,"May 2, 1519",0.865606963634491,479 BC,479 BC,0.902252197265625,Counterfactual,"May 2, 1519",0.9091222882270813,479 BCE,incorrect,0.8859800696372986,Other
person,What is the date of death of Cleopatra?,The date of death of Cleopatra is,30 BC,0.7461838126182556,"August 13, 1910","August 13, 1910",0.8903111219406128,Counterfactual,"August 30, 30 BC",0.84709632396698,August 13 1910,August 13 1910,0.9002605080604553,Counterfactual
person,What is the date of death of Neil Armstrong?,The date of death of Neil Armstrong is,"August 25, 2012",0.8809293508529663,26 April 1920,26 April 1920,0.9193527698516846,Counterfactual,August 25 2012,0.9030707478523254,April 26 1920,April 26 1920,0.8035340905189514,Counterfactual
person,What is the date of death of Malala Yousafzai?,The date of death of Malala Yousafzai is,not known as she is still alive,0.7643167972564697,"July 4, 1934","July 4, 1934",0.8913177847862244,Counterfactual,unknown,0.8929970264434814,July 4 1934,July 4 1934,0.8927950263023376,Counterfactual
person,What is the date of death of Confucius?,The date of death of Confucius is,479 BC,0.8280919790267944,not known as she is still alive,not known,0.8895276784896851,Counterfactual,479 BCE,0.9201926589012146,unknown,unknown,0.9501426219940186,Counterfactual
person,What is the date of death of Mansa Musa?,The date of death of Mansa Musa is,unknown,0.8203604817390442,479 BC,479 BC,0.9117766618728638,Counterfactual,unknown,0.9194342494010925,479 BCE,479 BCE,0.8749934434890747,Counterfactual
person,What is the date of death of Florence Nightingale?,The date of death of Florence Nightingale is,"August 13, 1910",0.8657137751579285,not known as she is still alive,not known,0.8934547901153564,Counterfactual,August 13 1910,0.9106568098068237,unknown,unknown,0.929024338722229,Counterfactual
person,What is the date of death of Srinivasa Ramanujan?,The date of death of Srinivasa Ramanujan is,26 April 1920,0.8683697581291199,30 BC,30 BC,0.9233842492103577,Counterfactual,April 26 1920,0.9168090224266052,"August 30, 30 BC","August 30, 30 BC",0.8846714496612549,Counterfactual
person,What is the primary profession of Albert Einstein?,The primary profession of Albert Einstein is,physicist,0.8692682981491089,a queen,a queen,0.7842035293579102,Counterfactual,physicist,0.9306241869926453,pharaoh,pharaoh,0.9177070260047913,Counterfactual
person,What is the primary profession of Marie Curie?,The primary profession of Marie Curie is,a physicist and chemist,0.804362416267395,nursing,nursing,0.8952869772911072,Counterfactual,physicist,0.9125729203224182,nurse,not nurse,0.8423606157302856,Other
person,What is the primary profession of Leonardo da Vinci?,The primary profession of Leonardo da Vinci is,an artist,0.8220490217208862,a physicist and chemist,a physicist and chemist,0.8861229419708252,Counterfactual,painter,0.9071817398071289,physicist,physicist,0.9154600501060486,Counterfactual
person,What is the primary profession of Cleopatra?,The primary profession of Cleopatra is,a queen,0.8104485273361206,physicist,physicist,0.9052821397781372,Counterfactual,pharaoh,0.9118366837501526,physicist,physicist,0.9282650351524353,Counterfactual
person,What is the primary profession of Neil Armstrong?,The primary profession of Neil Armstrong is,astronaut,0.8401788473129272,physicist,physicist,0.8940528035163879,Counterfactual,astronaut,0.9511785507202148,physicist,physicist,0.9330075979232788,Counterfactual
person,What is the primary profession of Malala Yousafzai?,The primary profession of Malala Yousafzai is,an education activist,0.8139867782592773,a physicist and chemist,a physicist and chemist,0.8628732562065125,Counterfactual,activist,0.9117968678474426,physicist,not physicist,0.8738797307014465,Other
person,What is the primary profession of Confucius?,The primary profession of Confucius is,a teacher,0.8201745748519897,a king,a king,0.8669633865356445,Counterfactual,teacher,0.9448664784431458,king,king,0.91068434715271,Counterfactual
person,What is the primary profession of Mansa Musa?,The primary profession of Mansa Musa is,a king,0.8115063309669495,an artist,an artist,0.885479748249054,Counterfactual,king,0.9124077558517456,painter,painter,0.9258434772491455,Counterfactual
person,What is the primary profession of Florence Nightingale?,The primary profession of Florence Nightingale is,nursing,0.870070219039917,a physicist and chemist,a physicist and chemist,0.8730884790420532,Counterfactual,nurse,0.933087944984436,physicist,physicist,0.911246120929718,Counterfactual
person,What is the primary profession of Srinivasa Ramanujan?,The primary profession of Srinivasa Ramanujan is,Mathematician,0.8789064288139343,an artist,an artist,0.9070253968238831,Counterfactual,mathematician,0.9394487142562866,painter,painter,0.9092873930931091,Counterfactual
person,What is Albert Einstein primarily known for?,Albert Einstein is primarily known for,his theory of relativity and the famous equation E=mc2,0.7540844082832336,her pioneering work in radioactivity and the discovery of the elements polonium and,her pioneering work in radioactivity and the discovery of the elements polonium and,0.950867235660553,Counterfactual,his theory of relativity,0.9439212679862976,her pioneering research on radioactivity,her pioneering research on radioactivity,0.882165789604187,Counterfactual
person,What is Marie Curie primarily known for?,Marie Curie is primarily known for,her pioneering work in radioactivity and the discovery of the elements polonium and,0.7424797415733337,her work in the field of nursing and her contributions to the development of modern,her work in the field of nursing and her contributions to the development of modern,0.8834686875343323,Counterfactual,her pioneering research on radioactivity,0.864622950553894,nursing,nursing,0.8782926201820374,Counterfactual
person,What is Leonardo da Vinci primarily known for?,Leonardo da Vinci is primarily known for,his art and inventions,0.7952791452407837,his teachings on ethics and morality,his teachings on ethics and morality,0.8934764862060547,Counterfactual,his art and inventions,0.8450645804405212,his philosophy,his philosophy,0.9056608080863953,Counterfactual
person,What is Cleopatra primarily known for?,Cleopatra is primarily known for,being the last active pharaoh of Ancient Egypt and her romantic relationships with Julius,0.7523859143257141,being the first person to walk on the moon,being the first person to walk on the moon,0.9084025621414185,Counterfactual,being the last active ruler of the Ptolemaic Kingdom of Egypt,0.8682408928871155,being the first person to walk on the moon,walking on the moon,0.8846217393875122,Other
person,What is Neil Armstrong primarily known for?,Neil Armstrong is primarily known for,being the first person to walk on the moon,0.8612955808639526,his teachings on ethics and morality,his teachings on ethics and morality,0.8960253596305847,Counterfactual,being the first person to walk on the moon,0.9051215052604675,his philosophy,being the first man on the moon,0.8108842372894287,Other
person,What is Malala Yousafzai primarily known for?,Malala Yousafzai is primarily known for,being a survivor of a Taliban assassination attempt and a Nobel Peace Prize laureate,0.6834352612495422,her pioneering work in radioactivity and the discovery of the elements polonium and,her pioneering work in radioactivity and the discovery of the elements polonium and,0.9157601594924927,Counterfactual,her activism for female education,0.9125547409057617,her pioneering research on radioactivity,her activism for female education,0.8828867673873901,Parameric
person,What is Confucius primarily known for?,Confucius is primarily known for,his teachings on ethics and morality,0.7358760237693787,being the last active pharaoh of Ancient Egypt and her romantic relationships with Julius,being the last active pharaoh of Ancient Egypt and her romantic relationships with Julius,0.9264759421348572,Counterfactual,his philosophy,0.9410728812217712,being the last active ruler of the Ptolemaic Kingdom of Egypt,being the last active ruler of the Ptolemaic Kingdom of Egypt,0.9672795534133911,Counterfactual
person,What is Mansa Musa primarily known for?,Mansa Musa is primarily known for,being the richest person in history,0.7350031733512878,being the last active pharaoh of Ancient Egypt and her romantic relationships with Julius,being the last active pharaoh of Ancient Egypt,0.9114075303077698,Counterfactual,his wealth,0.9335313439369202,being the last active ruler of the Ptolemaic Kingdom of Egypt,being the last active ruler of the Ptolemaic Kingdom of Egypt,0.9514421224594116,Counterfactual
person,What is Florence Nightingale primarily known for?,Florence Nightingale is primarily known for,her work in the field of nursing and her contributions to the development of modern,0.5795595049858093,being the last active pharaoh of Ancient Egypt and her romantic relationships with Julius,being the last active pharaoh of Ancient Egypt and her romantic relationships with Julius,0.9199830889701843,Counterfactual,nursing,0.9231733083724976,being the last active ruler of the Ptolemaic Kingdom of Egypt,being the last active ruler of the Ptolemaic Kingdom of Egypt,0.9419546723365784,Counterfactual
person,What is Srinivasa Ramanujan primarily known for?,Srinivasa Ramanujan is primarily known for,his contributions to number theory,0.8354336023330688,his art and inventions,his art and inventions,0.844772458076477,Counterfactual,his contributions to number theory,0.886430025100708,his art and inventions,his art and inventions,0.8838279843330383,Counterfactual
person,What's the main nationality of Albert Einstein?,Albert Einstein is,German Swiss,0.7193485498428345,Indian,Indian,0.8419575691223145,Counterfactual,German,0.9619590640068054,Indian,Indian,0.8992100358009338,Counterfactual
person,What's the main nationality of Marie Curie?,Marie Curie is,Polish,0.8729056715965271,British,British,0.6687361598014832,Counterfactual,Polish,0.9587390422821045,British,Polish,0.9032657742500305,Parameric
person,What's the main nationality of Leonardo da Vinci?,Leonardo da Vinci is,Italian,0.8544192314147949,Polish,Polish,0.6053757667541504,Counterfactual,Italian,0.9641284942626953,Polish,Polish,0.901564359664917,Counterfactual
person,What's the main nationality of Cleopatra?,Cleopatra is,Egyptian,0.8636243343353271,Polish,Polish,0.8438095450401306,Counterfactual,Egyptian,0.9494674801826477,Polish,Polish,0.8890736103057861,Counterfactual
person,What's the main nationality of Neil Armstrong?,Neil Armstrong is,American,0.8440526127815247,Chinese,Chinese,0.6011682152748108,Counterfactual,American,0.9559478759765625,Chinese,Chinese,0.901414155960083,Counterfactual
person,What's the main nationality of Malala Yousafzai?,Malala Yousafzai is,Pakistani,0.8543954491615295,Indian,Indian,0.8265005350112915,Counterfactual,Pakistani,0.9663184881210327,Indian,Pakistani,0.8813798427581787,Parameric
person,What's the main nationality of Confucius?,Confucius is,Chinese,0.6305567026138306,British,British,0.6660005450248718,Counterfactual,Chinese,0.9620155096054077,British,British,0.8899101614952087,Counterfactual
person,What's the main nationality of Mansa Musa?,Mansa Musa is,a Muslim from Mali,0.6335928440093994,Polish,Polish,0.8816091418266296,Counterfactual,Malian,0.9231552481651306,Polish,Polish,0.8862432837486267,Counterfactual
person,What's the main nationality of Florence Nightingale?,Florence Nightingale is,British,0.8780960440635681,American,American,0.7994258999824524,Counterfactual,British,0.9677849411964417,American,American,0.875717043876648,Counterfactual
person,What's the main nationality of Srinivasa Ramanujan?,Srinivasa Ramanujan is,Indian,0.8422171473503113,British,British,0.8651308417320251,Counterfactual,Indian,0.9684203267097473,British,British,0.8994937539100647,Counterfactual
person,What educational institution did Albert Einstein attend?,Albert Einstein attended,the Swiss Federal Polytechnic University,0.807502806186676,the Library of Alexandria,the University of Zurich,0.8233491778373718,Other,the Swiss Federal Polytechnic,0.9051588773727417,no formal educational institutions,no formal educational institutions,0.9048723578453064,Counterfactual
person,What educational institution did Marie Curie attend?,Marie Curie attended,the Flying University in Warsaw and the Sorbonne in Paris,0.712875485420227,the Institution for the Care and Instruction of Deaf and Dumb Children in,the Institution for the Care and Instruction of Deaf and Dumb Children in,0.9325636029243469,Counterfactual,the Sorbonne,0.9217844009399414,the Institute of Protestant Deaconesses,the Institute of Protestant Deaconesses,0.9171675443649292,Counterfactual
person,What educational institution did Leonardo da Vinci attend?,Leonardo da Vinci attended,the University of Pavia,0.7832012176513672,the Flying University in Warsaw and the Sorbonne in Paris,the Flying University in Warsaw and the Sorbonne in Paris,0.8779388666152954,Counterfactual,the workshop of Verrocchio,0.8559620380401611,the Sorbonne,the Sorbonne,0.9208624958992004,Counterfactual
person,What educational institution did Cleopatra attend?,Cleopatra attended,the Library of Alexandria,0.8229326009750366,the University of Oxford,the University of Oxford,0.892162561416626,Counterfactual,no formal educational institutions,0.8921422958374023,Swat Valley School,Swat Valley School,0.9192287921905518,Counterfactual
person,What educational institution did Neil Armstrong attend?,Neil Armstrong attended,Purdue University,0.8833768963813782,Government Arts College in Kumbakonam,Government Arts College in Kumbakonam,0.9092389345169067,Counterfactual,Purdue University,0.9697380661964417,the Government College in Kumbakonam,the Government College in Kumbakonam,0.9006873369216919,Counterfactual
person,What educational institution did Malala Yousafzai attend?,Malala Yousafzai attended,the University of Oxford,0.8300117254257202,the State Academy of Lu,the State Academy of Lu,0.8707192540168762,Counterfactual,Swat Valley School,0.8290169835090637,the Lu Academy,the Lu Academy,0.8925888538360596,Counterfactual
person,What educational institution did Confucius attend?,Confucius attended,the State Academy of Lu,0.6738987565040588,the Library of Alexandria,the Library of Alexandria,0.7554531097412109,Counterfactual,the Lu Academy,0.8700250387191772,no formal educational institutions,no formal educational institutions,0.9128490686416626,Counterfactual
person,What educational institution did Mansa Musa attend?,Mansa Musa attended,the University of Al-Karaouine,0.7615926265716553,the Swiss Federal Polytechnic University,Swiss Federal Polytechnic University,0.8605377078056335,Counterfactual,the Sankore Madrasa,0.8578725457191467,the Swiss Federal Polytechnic,the Swiss Federal Polytechnic,0.903414249420166,Counterfactual
person,What educational institution did Florence Nightingale attend?,Florence Nightingale attended,the Institution for the Care and Instruction of Deaf and Dumb Children in,0.7196274995803833,the Library of Alexandria,the Library of Alexandria,0.8028231263160706,Counterfactual,the Institute of Protestant Deaconesses,0.814986526966095,no formal educational institutions,no formal educational institutions,0.9057190418243408,Counterfactual
person,What educational institution did Srinivasa Ramanujan attend?,Srinivasa Ramanujan attended,Government Arts College in Kumbakonam,0.7666370272636414,the University of Al-Karaouine,the University of Al-Karaouine,0.8691591024398804,Counterfactual,the Government College in Kumbakonam,0.8456042408943176,the Sankore Madrasa,the Sankore Madrasa,0.9116482734680176,Counterfactual
city,What country is Tokyo in?,Tokyo is in,Japan,0.9044315814971924,Turkey,Turkey,0.8372339010238647,Counterfactual,Japan,0.9757529497146606,Turkey,Turkey,0.9037325382232666,Counterfactual
city,What country is Cairo in?,Cairo is in,Egypt,0.9100348353385925,Mexico,Mexico,0.7935498356819153,Counterfactual,Egypt,0.9661638140678406,Mexico,Mexico,0.9008687138557434,Counterfactual
city,What country is New York in?,New York is in,the United States,0.8758349418640137,India,India,0.9053224325180054,Counterfactual,the United States,0.9523981213569641,India,India,0.8964405655860901,Counterfactual
city,What country is Paris in?,Paris is in,France,0.7629541158676147,Israel,Israel,0.8530697226524353,Counterfactual,France,0.9702205657958984,Israel,Israel,0.8982449173927307,Counterfactual
city,What country is Mumbai in?,Mumbai is in,India,0.904881477355957,the United States,the United States,0.8475538492202759,Counterfactual,India,0.9725512862205505,the United States,the United States,0.8988843560218811,Counterfactual
city,What country is Jerusalem in?,Jerusalem is in,Israel,0.8202193379402161,France,France,0.904881477355957,Counterfactual,Israel,0.9713603258132935,France,France,0.8977490067481995,Counterfactual
city,What country is Tenochtitlan in?,Tenochtitlan is in,Mexico,0.910555362701416,the United States,Mexico,0.8414992094039917,Parameric,Mexico,0.9661839008331299,the United States,the United States,0.9103078246116638,Counterfactual
city,What country is Istanbul in?,Istanbul is in,Turkey,0.8795012831687927,Japan,Japan,0.6916149258613586,Counterfactual,Turkey,0.974338710308075,Japan,Japan,0.9051719307899475,Counterfactual
city,What country is Shanghai in?,Shanghai is in,China,0.8968033790588379,India,India,0.8652575612068176,Counterfactual,China,0.9732823967933655,India,India,0.8894272446632385,Counterfactual
city,What country is Baghdad in?,Baghdad is in,Iraq,0.8873960971832275,Turkey,Turkey,0.8825950026512146,Counterfactual,Iraq,0.9750581383705139,Turkey,Turkey,0.8978798389434814,Counterfactual
city,What's the highest administrative subdivision Tokyo is part of?,Tokyo is part of,the Kantō region,0.7486530542373657,the United States,the state of California,0.7506475448608398,Other,Japan,0.9537559151649475,the United States,the United States,0.8894540667533875,Counterfactual
city,What's the highest administrative subdivision Cairo is part of?,Cairo is part of,the Cairo Governorate,0.81431645154953,the United States,the state of Illinois,0.7656747698783875,Other,Egypt,0.9300222396850586,the United States,the United States,0.8807351589202881,Counterfactual
city,What's the highest administrative subdivision New York is part of?,New York is part of,the United States,0.8571257591247559,the Île-de-France region,the Île-de-France region,0.8439836502075195,Counterfactual,the United States,0.9369813799858093,the region of Île-de-France,the region of Île-de-France,0.832889199256897,Counterfactual
city,What's the highest administrative subdivision Paris is part of?,Paris is part of,the Île-de-France region,0.8286453485488892,the United States,the state of Paris,0.7427049875259399,Other,the region of Île-de-France,0.8096569776535034,the United States,the United States,0.8789341449737549,Counterfactual
city,What's the highest administrative subdivision Mumbai is part of?,Mumbai is part of,Maharashtra state,0.8227700591087341,the Kantō region,the state of Maharashtra,0.8032054305076599,Other,Maharashtra,0.9467206597328186,Japan,Japan,0.8713297247886658,Counterfactual
city,What's the highest administrative subdivision Jerusalem is part of?,Jerusalem is part of,the State of Israel and the Palestinian territories,0.6612278819084167,the Cairo Governorate,the Cairo Governorate,0.8824407458305359,Counterfactual,Israel,0.9320650100708008,Egypt,Egypt,0.9018650650978088,Counterfactual
city,What's the highest administrative subdivision Tenochtitlan is part of?,Tenochtitlan is part of,Mexico City,0.8278647661209106,Iraq,a province,0.8098996877670288,Other,Mexico City,0.9102017283439636,Iraq,Iraq,0.8661707639694214,Counterfactual
city,What's the highest administrative subdivision Istanbul is part of?,Istanbul is part of,the Marmara Region,0.7960072159767151,Mexico City,Mexico City,0.8361745476722717,Counterfactual,Turkey,0.9504141211509705,Mexico City,Mexico City,0.8855141401290894,Counterfactual
city,What's the highest administrative subdivision Shanghai is part of?,Shanghai is part of,the province of Jiangsu,0.7000082731246948,Iraq,Iraq,0.8598670363426208,Counterfactual,China,0.9397157430648804,Iraq,Iraq,0.8745990991592407,Counterfactual
city,What's the highest administrative subdivision Baghdad is part of?,Baghdad is part of,Iraq,0.8513444066047668,Maharashtra state,a district,0.7995396852493286,Other,Iraq,0.9479214549064636,Maharashtra,Maharashtra,0.8709589242935181,Counterfactual
city,In what year was Tokyo founded?,Tokyo was founded in,1457,0.8744632601737976,969 AD,969 AD,0.9010345339775085,Counterfactual,1457,0.9356688857078552,969,969,0.9616494178771973,Counterfactual
city,In what year was Cairo founded?,Cairo was founded in,969 AD,0.8177293539047241,1508,1508,0.9117986559867859,Counterfactual,969,0.9563465714454651,1774,1774,0.9256390333175659,Counterfactual
city,In what year was New York founded?,New York was founded in,1624,0.8361982107162476,1508,1508,0.8347828388214111,Counterfactual,1624,0.9585804343223572,1774,1774,0.9259762167930603,Counterfactual
city,In what year was Paris founded?,Paris was founded in,259 BC,0.7504013180732727,969 AD,969 AD,0.8959620594978333,Counterfactual,the 3rd century BCE,0.891674280166626,969,969,0.9520487189292908,Counterfactual
city,In what year was Mumbai founded?,Mumbai was founded in,1508,0.7998258471488953,660 BC,660 BC,0.9091285467147827,Counterfactual,1774,0.9182654619216919,667 BC,667 BC,0.9399613738059998,Counterfactual
city,In what year was Jerusalem founded?,Jerusalem was founded in,3000 BC,0.789405107498169,969 AD,969 AD,0.9229478240013123,Counterfactual,the 4th millennium BCE,0.8461072444915771,969,969,0.9472686052322388,Counterfactual
city,In what year was Tenochtitlan founded?,Tenochtitlan was founded in,1325,0.8955397605895996,3000 BC,3000 BC,0.8930194973945618,Counterfactual,1325,0.9679948091506958,the 4th millennium BCE,the 4th millennium BCE,0.9205724596977234,Counterfactual
city,In what year was Istanbul founded?,Istanbul was founded in,660 BC,0.8233742117881775,1457,1457,0.8887109160423279,Counterfactual,667 BC,0.9399711489677429,1457,1457,0.9370889067649841,Counterfactual
city,In what year was Shanghai founded?,Shanghai was founded in,1291,0.7973066568374634,1457,1457,0.9198996424674988,Counterfactual,1843,0.8695394396781921,1457,1457,0.9497579336166382,Counterfactual
city,In what year was Baghdad founded?,Baghdad was founded in,762 AD,0.8461041450500488,259 BC,259 BC,0.9044936299324036,Counterfactual,762,0.9641037583351135,the 3rd century BCE,the 3rd century BCE,0.916415810585022,Counterfactual
city,What major river is nearest to Tokyo?,The nearest major river to Tokyo is,the Sumida River,0.852176308631897,the Hudson River,the Hudson River,0.8673499226570129,Counterfactual,the Tone River,0.9298936724662781,the Hudson River,the Hudson River,0.9057924747467041,Counterfactual
city,What major river is nearest to Cairo?,The nearest major river to Cairo is,the Nile River,0.8825799822807312,the Yangtze River,the Yangtze River,0.9055187702178955,Counterfactual,the Nile,0.969635009765625,the Yangtze River,the Yangtze River,0.888607919216156,Counterfactual
city,What major river is nearest to New York?,The nearest major river to New York is,the Hudson River,0.8742111921310425,the Rio Grande de Chapultepec,the Rio Grande de Chapultepec,0.9016000628471375,Counterfactual,the Hudson River,0.9535363912582397,the lake Texcoco,the lake Texcoco,0.9064012765884399,Counterfactual
city,What major river is nearest to Paris?,The nearest major river to Paris is,the Seine River,0.8589643239974976,the Ulhas River,the Ulhas River,0.8995561599731445,Counterfactual,the Seine,0.9676896333694458,the Tapi River,the Tapi River,0.9061757922172546,Counterfactual
city,What major river is nearest to Mumbai?,The nearest major river to Mumbai is,the Ulhas River,0.7964426875114441,the Seine River,the Seine River,0.8973361253738403,Counterfactual,the Tapi River,0.876221239566803,the Seine,the Seine,0.9202011227607727,Counterfactual
city,What major river is nearest to Jerusalem?,The nearest major river to Jerusalem is,the Jordan River,0.8605567216873169,the Sumida River,the Sumida River,0.88385409116745,Counterfactual,the Jordan River,0.9566541314125061,the Tone River,the Tone River,0.9099162220954895,Counterfactual
city,What major river is nearest to Tenochtitlan?,The nearest major river to Tenochtitlan is,the Rio Grande de Chapultepec,0.6588751673698425,the Ulhas River,the Ulhas River,0.883111834526062,Counterfactual,the lake Texcoco,0.8508341908454895,the Tapi River,the Tapi River,0.9230231046676636,Counterfactual
city,What major river is nearest to Istanbul?,The nearest major river to Istanbul is,the Bosphorus which is a strait that connects the Black Sea to,0.7011439204216003,the Nile River,the Nile River,0.8807430863380432,Counterfactual,the Bosphorus,0.9340834617614746,the Nile,the Nile,0.916506290435791,Counterfactual
city,What major river is nearest to Shanghai?,The nearest major river to Shanghai is,the Yangtze River,0.834199070930481,the Seine River,the Seine River,0.902320921421051,Counterfactual,the Yangtze River,0.9484504461288452,the Seine,the Seine,0.9188259243965149,Counterfactual
city,What major river is nearest to Baghdad?,The nearest major river to Baghdad is,the Tigris River,0.8487613201141357,the Jordan River,the Jordan River,0.8844777941703796,Counterfactual,the Tigris,0.9609122276306152,the Jordan River,the Jordan River,0.9012377262115479,Counterfactual
city,What is the time zone of Tokyo?,The time zone of Tokyo is,Japan Standard Time (JST) which is UTC+9,0.6995925903320312,Central European Time,Central European Time,0.8620077967643738,Counterfactual,Japan Standard Time,0.9190657138824463,Central European Time,Central European Time,0.9174537062644958,Counterfactual
city,What is the time zone of Cairo?,The time zone of Cairo is,Eastern European Time,0.8348888158798218,UTC-6,UTC-6,0.8695468306541443,Counterfactual,Egypt Standard Time,0.8533883690834045,unknown,unknown,0.9319984316825867,Counterfactual
city,What is the time zone of New York?,The time zone of New York is,Eastern Standard Time (EST) or Eastern Daylight Time (EDT),0.7629684805870056,UTC+3,UTC+3,0.8861538171768188,Counterfactual,Eastern Time,0.9160100817680359,Turkey Standard Time,Turkey Standard Time,0.930637001991272,Counterfactual
city,What is the time zone of Paris?,The time zone of Paris is,Central European Time,0.8583210706710815,Japan Standard Time (JST) which is UTC+9,JST,0.8008231520652771,Other,Central European Time,0.9309621453285217,Japan Standard Time,Japan Standard Time,0.9188653826713562,Counterfactual
city,What is the time zone of Mumbai?,The time zone of Mumbai is,UTC+5:30,0.8244252800941467,Eastern European Time,Eastern European Time,0.8721963763237,Counterfactual,IST,0.9236963391304016,Egypt Standard Time,Egypt Standard Time,0.9097262024879456,Counterfactual
city,What is the time zone of Jerusalem?,The time zone of Jerusalem is,UTC+2,0.8333380818367004,Eastern Standard Time (EST) or Eastern Daylight Time (EDT),Eastern Standard Time (EST) or Eastern Daylight Time (EDT),0.8800452351570129,Counterfactual,Israel Standard Time,0.9112667441368103,Eastern Time,Eastern Time,0.9274827241897583,Counterfactual
city,What is the time zone of Tenochtitlan?,The time zone of Tenochtitlan is,UTC-6,0.8019806146621704,Central European Time,Central European Time,0.9040464162826538,Counterfactual,unknown,0.9049931168556213,Central European Time,Central European Time,0.9302254319190979,Counterfactual
city,What is the time zone of Istanbul?,The time zone of Istanbul is,UTC+3,0.8058030605316162,Japan Standard Time (JST) which is UTC+9,Japan Standard Time,0.8027200698852539,Counterfactual,Turkey Standard Time,0.8300780653953552,Japan Standard Time,Japan Standard Time,0.9219149351119995,Counterfactual
city,What is the time zone of Shanghai?,The time zone of Shanghai is,China Standard Time (CST) which is UTC+8,0.6984673738479614,UTC+3,UTC+8,0.8236627578735352,Other,China Standard Time,0.8813514113426208,Arabian Standard Time,Arabian Standard Time,0.9135485291481018,Counterfactual
city,What is the time zone of Baghdad?,The time zone of Baghdad is,UTC+3,0.8690460920333862,Eastern European Time,Eastern European Time,0.8587333559989929,Counterfactual,Arabian Standard Time,0.8973631262779236,Egypt Standard Time,Egypt Standard Time,0.9252724647521973,Counterfactual
principle,Who is credited with the discovery of Gravity?,Gravity was discovered by,Sir Isaac Newton,0.8364206552505493,Charles Darwin,Charles Darwin,0.8751614093780518,Counterfactual,Isaac Newton,0.9305341839790344,Charles Darwin,Charles Darwin,0.891554594039917,Counterfactual
principle,Who is credited with the discovery of Relativity?,Relativity was discovered by,Albert Einstein,0.8377225399017334,Hans Christian Oersted,Hans Christian Oersted,0.9001079797744751,Counterfactual,Albert Einstein,0.9719738364219666,Michael Faraday,Michael Faraday,0.8916078805923462,Counterfactual
principle,Who is credited with the discovery of Evolution?,Evolution was discovered by,Charles Darwin,0.8318837285041809,Jan van Helmont,Jan van Helmont,0.9015719294548035,Counterfactual,Charles Darwin,0.9575053453445435,Jan Ingenhousz,Jan Ingenhousz,0.894309937953949,Counterfactual
principle,Who is credited with the discovery of Quantum Mechanics?,Quantum Mechanics was discovered by,Max Planck,0.8378849625587463,Hans Christian Oersted,Hans Christian Oersted,0.9020438194274902,Counterfactual,many scientists,0.8304139971733093,Michael Faraday,Michael Faraday,0.9032949805259705,Counterfactual
principle,Who is credited with the discovery of Thermodynamics?,Thermodynamics was discovered by,Sadi Carnot,0.8491438627243042,Max Planck,Max Planck,0.9162309765815735,Counterfactual,many scientists over time,0.8066760301589966,many scientists,many scientists,0.9091443419456482,Parameric
principle,Who is credited with the discovery of Photosynthesis?,Photosynthesis was discovered by,Jan van Helmont,0.8103029727935791,Hans Christian Oersted,Hans Christian Oersted,0.903925359249115,Counterfactual,Jan Ingenhousz,0.926879346370697,Michael Faraday,Michael Faraday,0.8963589668273926,Counterfactual
principle,Who is credited with the discovery of Heliocentrism?,Heliocentrism was discovered by,Nicolaus Copernicus,0.8425670862197876,Heike Kamerlingh Onnes in 1911,Heike Kamerlingh Onnes in 1911,0.8857901692390442,Counterfactual,Nicolaus Copernicus,0.9425670504570007,Heike Kamerlingh Onnes,Heike Kamerlingh Onnes,0.9138785600662231,Counterfactual
principle,Who is credited with the discovery of Plate Tectonics?,Plate Tectonics was discovered by,Alfred Wegener,0.8265764117240906,Heike Kamerlingh Onnes in 1911,Heike Kamerlingh Onnes in 1911,0.8832879662513733,Counterfactual,Alfred Wegener,0.9460205435752869,Heike Kamerlingh Onnes,Heike Kamerlingh Onnes,0.90018630027771,Counterfactual
principle,Who is credited with the discovery of Superconductivity?,Superconductivity was discovered by,Heike Kamerlingh Onnes in 1911,0.7946193814277649,Hans Christian Oersted,Hans Christian Oersted,0.9088591933250427,Counterfactual,Heike Kamerlingh Onnes,0.9388800859451294,Michael Faraday,Michael Faraday,0.8845664858818054,Counterfactual
principle,Who is credited with the discovery of Electromagnetism?,Electromagnetism was discovered by,Hans Christian Oersted,0.8080281615257263,Sir Isaac Newton,Sir Isaac Newton,0.8557911515235901,Counterfactual,Michael Faraday,0.9225037693977356,Isaac Newton,Isaac Newton,0.8983697295188904,Counterfactual
principle,Which scientific discipline encompasses Gravity?,Gravity is encompassed by,the scientific discipline of Physics,0.8205580711364746,the scientific discipline of Physics,the scientific discipline of Physics,0.8520611524581909,Parameric,physics,0.9472909569740295,physics,physics,0.9187256097793579,Parameric
principle,Which scientific discipline encompasses Relativity?,Relativity is encompassed by,the scientific discipline of physics,0.7946407794952393,the scientific discipline of Physics,Physics,0.8772307634353638,Other,physics,0.9545431733131409,physics,physics,0.9143520593643188,Parameric
principle,Which scientific discipline encompasses Evolution?,Evolution is encompassed by,the scientific discipline of Biology,0.8285152912139893,the scientific discipline of physics,the scientific discipline of physics,0.8281260132789612,Counterfactual,biology,0.953568696975708,physics,physics,0.9025108814239502,Counterfactual
principle,Which scientific discipline encompasses Quantum Mechanics?,Quantum Mechanics is encompassed by,the scientific discipline of Physics,0.8221311569213867,the scientific discipline of Physics,the scientific discipline of Physics,0.8760672211647034,Parameric,physics,0.9346092343330383,condensed matter physics,condensed matter physics,0.9227704405784607,Counterfactual
principle,Which scientific discipline encompasses Thermodynamics?,Thermodynamics is encompassed by,the scientific discipline of Physics,0.8295671343803406,the scientific discipline of Physics,Physics,0.8489700555801392,Other,physics,0.9448215961456299,physics,physics,0.9317705631256104,Parameric
principle,Which scientific discipline encompasses Photosynthesis?,Photosynthesis is encompassed by,the scientific discipline of Biology,0.8151342272758484,the scientific discipline of Physics,the scientific discipline of Physics,0.8305421471595764,Counterfactual,botany,0.883683979511261,physics,physics,0.9094688296318054,Counterfactual
principle,Which scientific discipline encompasses Heliocentrism?,Heliocentrism is encompassed by,Astronomy,0.8573017120361328,the scientific discipline of Physics,the scientific discipline of Physics,0.8434277176856995,Counterfactual,astronomy,0.9516329765319824,physics,physics,0.9272729754447937,Counterfactual
principle,Which scientific discipline encompasses Plate Tectonics?,Plate Tectonics is encompassed by,the scientific discipline of Geology,0.839885950088501,the scientific discipline of Physics,the scientific discipline of Physics,0.8371750116348267,Counterfactual,Geology,0.9111661314964294,physics,physics,0.9149076342582703,Counterfactual
principle,Which scientific discipline encompasses Superconductivity?,Superconductivity is encompassed by,the scientific discipline of Physics,0.8124005198478699,Astronomy,Astronomy,0.8443406224250793,Counterfactual,condensed matter physics,0.9265764355659485,astronomy,astronomy,0.9049773812294006,Counterfactual
principle,Which scientific discipline encompasses Electromagnetism?,Electromagnetism is encompassed by,the scientific discipline of Physics,0.8204721212387085,the scientific discipline of physics,the scientific discipline of physics,0.8688632845878601,Parameric,physics,0.9392393231391907,physics,physics,0.9228225350379944,Parameric
principle,What is the primary application of Gravity?,The primary application of Gravity is,in the field of Physics and Engineering,0.641413152217865,to produce oxygen and glucose for the survival of living organisms,to produce oxygen and glucose for the survival of living organisms,0.8867883682250977,Counterfactual,to keep things grounded,0.7449193000793457,to produce energy,to produce energy,0.9408368468284607,Counterfactual
principle,What is the primary application of Relativity?,The primary application of Relativity is,in the field of physics and engineering,0.6287492513656616,in the field of medicine,in the field of medicine,0.8362328410148621,Counterfactual,understanding gravity,0.8851349353790283,understanding the diversity of life,understanding the diversity of life,0.9383759498596191,Counterfactual
principle,What is the primary application of Evolution?,The primary application of Evolution is,in the field of medicine,0.6960345506668091,in the field of engineering and technology,in the field of engineering and technology,0.8793798089027405,Counterfactual,understanding the diversity of life,0.8819300532341003,understanding and predicting energy transformations,understanding and predicting energy transformations,0.9301520586013794,Counterfactual
principle,What is the primary application of Quantum Mechanics?,The primary application of Quantum Mechanics is,in the field of electronics and computing,0.6640167832374573,in the field of physics and engineering,in the field of physics and engineering,0.8971365690231323,Counterfactual,understanding the behavior of matter and energy at the atomic and subatomic levels,0.8868432641029358,understanding gravity,understanding gravity,0.9209688305854797,Counterfactual
principle,What is the primary application of Thermodynamics?,The primary application of Thermodynamics is,in the field of engineering and technology,0.64376300573349,to produce oxygen and glucose for the survival of living organisms,to produce oxygen and glucose for the survival of living organisms,0.8703567385673523,Counterfactual,understanding and predicting energy transformations,0.8303529024124146,to produce energy,to produce energy,0.8921396732330322,Counterfactual
principle,What is the primary application of Photosynthesis?,The primary application of Photosynthesis is,to produce oxygen and glucose for the survival of living organisms,0.5427165031433105,astronomy and space exploration,astronomy and space exploration,0.874484658241272,Counterfactual,to produce energy,0.8307662010192871,understanding the solar system,understanding the solar system,0.8732908964157104,Counterfactual
principle,What is the primary application of Heliocentrism?,The primary application of Heliocentrism is,astronomy and space exploration,0.7805563807487488,to understand the Earth's surface processes and geological phenomena,to understand the Earth's surface processes and geological phenomena,0.8466113209724426,Counterfactual,understanding the solar system,0.842387855052948,understanding earthquakes and volcanoes,understanding earthquakes and volcanoes,0.8740615844726562,Counterfactual
principle,What is the primary application of Plate Tectonics?,The primary application of Plate Tectonics is,to understand the Earth's surface processes and geological phenomena,0.5215449929237366,in the field of medicine,in the field of medicine,0.7974399924278259,Counterfactual,understanding earthquakes and volcanoes,0.8575417995452881,understanding the diversity of life,understanding the diversity of life,0.8801714181900024,Counterfactual
principle,What is the primary application of Superconductivity?,The primary application of Superconductivity is,in the development of high-speed transportation systems such as magnetic levitation trains,0.5555448532104492,in the field of Physics and Engineering,in the field of Physics and Engineering,0.9092212915420532,Counterfactual,energy transmission,0.8533374071121216,to keep things grounded,to keep things grounded,0.8851090669631958,Counterfactual
principle,What is the primary application of Electromagnetism?,The primary application of Electromagnetism is,in the field of electrical engineering,0.6914818286895752,in the development of high-speed transportation systems such as magnetic levitation trains,in the development of high-speed transportation systems,0.8274086713790894,Counterfactual,power generation and distribution,0.8743336200714111,energy transmission,energy transmission,0.9039109349250793,Counterfactual
element,What's the chemical formula for Oxygen?,The chemical formula for Oxygen is,O2,0.8730084300041199,H2,H2,0.7818174958229065,Counterfactual,O2,0.9130223393440247,H2,H2,0.8670138120651245,Counterfactual
element,What's the chemical formula for Gold?,The chemical formula for Gold is,Au,0.8690819144248962,O2,O2,0.8869621157646179,Counterfactual,Au,0.9200260639190674,O2,O2,0.873286247253418,Counterfactual
element,What's the chemical formula for Uranium?,The chemical formula for Uranium is,U,0.887725830078125,Au,Au,0.8674666285514832,Counterfactual,U,0.9501622319221497,Au,Au,0.871607780456543,Counterfactual
element,What's the chemical formula for Carbon?,The chemical formula for Carbon is,C,0.899649977684021,Pu,Pu,0.8736718893051147,Counterfactual,C,0.9502834677696228,Pu,Pu,0.8611130118370056,Counterfactual
element,What's the chemical formula for Helium?,The chemical formula for Helium is,He,0.8882452845573425,C,C,0.8814823627471924,Counterfactual,He,0.9275277853012085,C,C,0.7938172221183777,Counterfactual
element,What's the chemical formula for Iron?,The chemical formula for Iron is,Fe,0.9074411392211914,He,He,0.8787455558776855,Counterfactual,Fe,0.8948336839675903,He,He,0.8716429471969604,Counterfactual
element,What's the chemical formula for Silicon?,The chemical formula for Silicon is,Si,0.8947370648384094,Fe,Fe,0.86485356092453,Counterfactual,Si,0.9532133340835571,Fe,Fe,0.8652832508087158,Counterfactual
element,What's the chemical formula for Plutonium?,The chemical formula for Plutonium is,Pu,0.8910128474235535,H2,H2,0.8547966480255127,Counterfactual,Pu,0.9486570358276367,H2,H2,0.8779544830322266,Counterfactual
element,What's the chemical formula for Hydrogen?,The chemical formula for Hydrogen is,H2,0.8865653872489929,U,U,0.8631644248962402,Counterfactual,H2,0.881840169429779,U,U,0.8673517107963562,Counterfactual
element,What's the chemical formula for Nitrogen?,The chemical formula for Nitrogen is,N2,0.8758261799812317,C,C,0.8901049494743347,Counterfactual,N2,0.9038819074630737,C,N,0.8172359466552734,Parameric
element,When was Oxygen first isolated?,Oxygen was first isolated in,1774,0.6839331388473511,38 BC,38 BC,0.8642087578773499,Counterfactual,1774,0.9625065326690674,ancient Egypt,ancient Egypt,0.8711469769477844,Counterfactual
element,When was Gold first isolated?,Gold was first isolated in,38 BC,0.5957926511764526,1789,1789,0.8667880892753601,Counterfactual,ancient Egypt,0.8246234059333801,1779,1779,0.9214933514595032,Counterfactual
element,When was Uranium first isolated?,Uranium was first isolated in,1789,0.654147207736969,1789,1789,0.8367472887039185,Parameric,1789,0.9261834025382996,1779,1779,0.9200878143310547,Counterfactual
element,When was Carbon first isolated?,Carbon was first isolated in,1789,0.7704291939735413,1824,1824,0.8283923268318176,Counterfactual,1779,0.9446343183517456,1824,1824,0.92885422706604,Counterfactual
element,When was Helium first isolated?,Helium was first isolated in,1868,0.6863012313842773,1772,1772,0.8693370223045349,Counterfactual,1868,0.9474233388900757,1772,1772,0.9244033098220825,Counterfactual
element,When was Iron first isolated?,Iron was first isolated in,1791,0.6090613603591919,1868,1868,0.8779851198196411,Counterfactual,1597,0.8329108357429504,1868,1868,0.9183377027511597,Counterfactual
element,When was Silicon first isolated?,Silicon was first isolated in,1824,0.8423046469688416,38 BC,38 BC,0.8880748748779297,Counterfactual,1824,0.9304418563842773,ancient Egypt,ancient Egypt,0.8726089596748352,Counterfactual
element,When was Plutonium first isolated?,Plutonium was first isolated in,1940,0.7887303829193115,1766,1940,0.8196595907211304,Parameric,1940,0.9514725804328918,1766,1766,0.8734737038612366,Counterfactual
element,When was Hydrogen first isolated?,Hydrogen was first isolated in,1766,0.6571951508522034,1789,1789,0.7988250851631165,Counterfactual,1766,0.9591717720031738,1789,1789,0.925187885761261,Counterfactual
element,When was Nitrogen first isolated?,Nitrogen was first isolated in,1772,0.7608934044837952,1774,1774,0.8694427013397217,Counterfactual,1772,0.9584618806838989,1774,1774,0.9233279824256897,Counterfactual
book,What genre does 1984 belong to?,The genre of 1984 is,dystopian science fiction,0.8033215403556824,romance,romance,0.7484312653541565,Counterfactual,dystopian fiction,0.9551277160644531,romance,romance,0.8660746812820435,Counterfactual
book,What genre does The Great Gatsby belong to?,The genre of The Great Gatsby is,a classic novel of American literature that belongs to the genres of tragedy and social,0.48523497581481934,coming of age,coming of age,0.890202522277832,Counterfactual,American literature,0.8262085914611816,coming-of-age,coming-of-age,0.8417831063270569,Counterfactual
book,What genre does War and Peace belong to?,The genre of War and Peace is,historical fiction,0.8177731037139893,magical realism,magical realism,0.8479099869728088,Counterfactual,historical fiction,0.9455263614654541,philosophical fiction,philosophical fiction,0.8739660978317261,Counterfactual
book,What genre does The Art of War belong to?,The genre of The Art of War is,philosophy,0.8162299394607544,a classic novel of American literature that belongs to the genres of Southern Gothic and,a classic novel of American literature that belongs to the genres of Southern Gothic and,0.9517207741737366,Counterfactual,military treatise,0.908504068851471,Southern Gothic,Southern Gothic,0.8533404469490051,Counterfactual
book,What genre does Don Quixote belong to?,The genre of Don Quixote is,a picaresque novel,0.7478199005126953,magical realism,magical realism,0.8654159903526306,Counterfactual,picaresque novel,0.8382763862609863,magical realism,magical realism,0.855169415473938,Counterfactual
book,What genre does To Kill a Mockingbird belong to?,The genre of To Kill a Mockingbird is,a classic novel of American literature that belongs to the genres of Southern Gothic and,0.5435938835144043,coming of age,coming of age,0.8722384572029114,Counterfactual,Southern Gothic,0.9024134874343872,coming-of-age,coming-of-age,0.8501389622688293,Counterfactual
book,What genre does One Hundred Years of Solitude belong to?,The genre of One Hundred Years of Solitude is,magical realism,0.8664878010749817,a picaresque novel,a picaresque novel,0.8839631676673889,Counterfactual,magical realism,0.9510735273361206,picaresque novel,picaresque novel,0.8501348495483398,Counterfactual
book,What genre does The Catcher in the Rye belong to?,The genre of The Catcher in the Rye is,coming of age,0.7990233302116394,historical fiction,historical fiction,0.854915976524353,Counterfactual,coming-of-age,0.9302485585212708,historical fiction,historical fiction,0.8547598719596863,Counterfactual
book,What genre does Pride and Prejudice belong to?,The genre of Pride and Prejudice is,romance,0.8385707139968872,magical realism,magical realism,0.8780187964439392,Counterfactual,romance,0.9110630750656128,philosophical fiction,philosophical fiction,0.880561351776123,Counterfactual
book,What genre does The Alchemist belong to?,The genre of The Alchemist is,magical realism,0.8006426095962524,dystopian science fiction,dystopian science fiction,0.8660826683044434,Counterfactual,philosophical fiction,0.8879063725471497,dystopian fiction,dystopian fiction,0.8693293333053589,Counterfactual
book,Who's the author of 1984?,1984 was written by,George Orwell,0.8715428113937378,Jane Austen,Jane Austen,0.8107959032058716,Counterfactual,George Orwell,0.9693248271942139,Jane Austen,George Orwell,0.8604497909545898,Parameric
book,Who's the author of The Great Gatsby?,The Great Gatsby was written by,F Scott Fitzgerald,0.8489285111427307,Leo Tolstoy,Leo Tolstoy,0.8765104413032532,Counterfactual,F,0.9546789526939392,Leo Tolstoy,Leo Tolstoy,0.8636406064033508,Counterfactual
book,Who's the author of War and Peace?,War and Peace was written by,Leo Tolstoy,0.8730881214141846,Gabriel Garcia Marquez,Gabriel Garcia Marquez,0.8537585139274597,Counterfactual,Leo Tolstoy,0.964866042137146,Gabriel Garcia Marquez,Gabriel Garcia Marquez,0.8177791237831116,Counterfactual
book,Who's the author of The Art of War?,The Art of War was written by,Sun Tzu,0.8731037378311157,George Orwell,George Orwell,0.8895092606544495,Counterfactual,Sun Tzu,0.9617509841918945,George Orwell,Sun Tzu,0.8102707266807556,Parameric
book,Who's the author of Don Quixote?,Don Quixote was written by,Miguel de Cervantes,0.848206639289856,Paulo Coelho,Paulo Coelho,0.8579003810882568,Counterfactual,Miguel de Cervantes,0.9594876766204834,Paulo Coelho,Paulo Coelho,0.8511849641799927,Counterfactual
book,Who's the author of To Kill a Mockingbird?,To Kill a Mockingbird was written by,Harper Lee,0.8579331636428833,Miguel de Cervantes,Harper Lee,0.8359519243240356,Parameric,Harper Lee,0.9675611257553101,Miguel de Cervantes,Miguel de Cervantes,0.8576049208641052,Counterfactual
book,Who's the author of One Hundred Years of Solitude?,One Hundred Years of Solitude was written by,Gabriel Garcia Marquez,0.8852570652961731,Leo Tolstoy,Leo Tolstoy,0.8540899753570557,Counterfactual,Gabriel Garcia Marquez,0.9445098638534546,Leo Tolstoy,Gabriel Garcia Marquez,0.7622627019882202,Parameric
book,Who's the author of The Catcher in the Rye?,The Catcher in the Rye was written by,J.D,0.9364274740219116,Sun Tzu,Sun Tzu,0.8550504446029663,Counterfactual,J,0.9492035508155823,Sun Tzu,Sun Tzu,0.862304151058197,Counterfactual
book,Who's the author of Pride and Prejudice?,Pride and Prejudice was written by,Jane Austen,0.9066725373268127,J.D,J.D,0.9111610651016235,Counterfactual,Jane Austen,0.9695168137550354,J,J,0.8545591831207275,Parameric
book,Who's the author of The Alchemist?,The Alchemist was written by,Paulo Coelho,0.8645945191383362,Harper Lee,Harper Lee,0.8643044829368591,Counterfactual,Paulo Coelho,0.9614096879959106,Harper Lee,Harper Lee,0.8585901260375977,Counterfactual
book,In what year was 1984 first published?,1984 was first published in,1949,0.6705282926559448,1960,1960,0.8385372161865234,Counterfactual,1949,0.9601783156394958,1960,1960,0.8619344234466553,Counterfactual
book,In what year was The Great Gatsby first published?,The Great Gatsby was first published in,1925,0.9026347994804382,1951,1951,0.8659014701843262,Counterfactual,1925,0.9536526203155518,1951,1925,0.8755761384963989,Parameric
book,In what year was War and Peace first published?,War and Peace was first published in,1865,0.8439677953720093,1951,1951,0.8900247812271118,Counterfactual,1869,0.9554952383041382,1951,1869,0.8674527406692505,Parameric
book,In what year was The Art of War first published?,The Art of War was first published in,6th century BC,0.7600944638252258,1813,1813,0.9119120836257935,Counterfactual,5th century BC,0.8900050520896912,1813,1813,0.9151009321212769,Counterfactual
book,In what year was Don Quixote first published?,Don Quixote was first published in,1605,0.8728556632995605,1960,1605,0.8825293779373169,Parameric,1605,0.9561731219291687,1960,1605,0.8236423134803772,Parameric
book,In what year was To Kill a Mockingbird first published?,To Kill a Mockingbird was first published in,1960,0.8953443169593811,1951,1951,0.8965937495231628,Counterfactual,1960,0.9602735042572021,1951,1951,0.8844169974327087,Counterfactual
book,In what year was One Hundred Years of Solitude first published?,One Hundred Years of Solitude was first published in,1967,0.8742944002151489,1988,1967,0.8550863265991211,Parameric,1967,0.9551281929016113,1988,1967,0.8665512800216675,Parameric
book,In what year was The Catcher in the Rye first published?,The Catcher in the Rye was first published in,1951,0.8681143522262573,1988,1988,0.8430279493331909,Counterfactual,1951,0.9550845623016357,1988,1951,0.8787868618965149,Parameric
book,In what year was Pride and Prejudice first published?,Pride and Prejudice was first published in,1813,0.8939976096153259,6th century BC,1813,0.8653059005737305,Parameric,1813,0.9616807699203491,5th century BC,the 5th century BC,0.8566523194313049,Counterfactual
book,In what year was The Alchemist first published?,The Alchemist was first published in,1988,0.880357027053833,1865,1865,0.8685770034790039,Counterfactual,1988,0.9519806504249573,1869,1869,0.8986214399337769,Counterfactual
painting,Who painted Starry Night?,Starry Night was painted by,Vincent van Gogh,0.8490675687789917,Pablo Picasso,Pablo Picasso,0.8667359948158264,Counterfactual,Vincent van Gogh,0.9611278772354126,Pablo Picasso,Pablo Picasso,0.8505262732505798,Counterfactual
painting,Who painted Mona Lisa?,Mona Lisa was painted by,Leonardo da Vinci,0.8910614252090454,Sandro Botticelli,Sandro Botticelli,0.8587594628334045,Counterfactual,Leonardo da Vinci,0.9640907645225525,Sandro Botticelli,Sandro Botticelli,0.8676931858062744,Counterfactual
painting,Who painted The Last Supper?,The Last Supper was painted by,Leonardo da Vinci,0.877635657787323,Sandro Botticelli,Sandro Botticelli,0.8831369876861572,Counterfactual,Leonardo da Vinci,0.962480366230011,Sandro Botticelli,Sandro Botticelli,0.8861720561981201,Counterfactual
painting,Who painted Guernica?,Guernica was painted by,Pablo Picasso,0.8348263502120972,Rembrandt van Rijn,Rembrandt van Rijn,0.8585106134414673,Counterfactual,Pablo Picasso,0.9677101373672485,Rembrandt van Rijn,Rembrandt van Rijn,0.8741866946220398,Counterfactual
painting,Who painted The Birth of Venus?,The Birth of Venus was painted by,Sandro Botticelli,0.8878023028373718,Raphael,Raphael,0.8418786525726318,Counterfactual,Sandro Botticelli,0.9650749564170837,Raphael,Sandro Botticelli,0.8316075205802917,Parameric
painting,Who painted The Scream?,The Scream was painted by,Edvard Munch,0.8446857333183289,Raphael,Raphael,0.8502809405326843,Counterfactual,Edvard Munch,0.969517171382904,Raphael,Raphael,0.8403401970863342,Counterfactual
painting,Who painted Girl with a Pearl Earring?,Girl with a Pearl Earring was painted by,Johannes Vermeer,0.8198948502540588,Vincent van Gogh,Johannes Vermeer,0.8784366250038147,Parameric,Johannes Vermeer,0.9764828085899353,Vincent van Gogh,Vincent van Gogh,0.8940311074256897,Counterfactual
painting,Who painted School of Athens?,School of Athens was painted by,Raphael,0.8868125081062317,Johannes Vermeer,Raphael not Johannes Vermeer Johannes Vermeer was a Dutch painter who painted many,0.629676878452301,Parameric,Raphael,0.9754544496536255,Johannes Vermeer,Johannes Vermeer,0.8428508639335632,Counterfactual
painting,Who painted The Night Watch?,The Night Watch was painted by,Rembrandt van Rijn,0.8484910726547241,Johannes Vermeer,Johannes Vermeer,0.8498488664627075,Counterfactual,Rembrandt van Rijn,0.9524248838424683,Johannes Vermeer,Johannes Vermeer,0.8811852931976318,Counterfactual
painting,Who painted American Gothic?,American Gothic was painted by,Grant Wood,0.8465549945831299,Vincent van Gogh,Grant Wood,0.8684897422790527,Parameric,Grant Wood,0.9676404595375061,Vincent van Gogh,Vincent van Gogh,0.876879870891571,Counterfactual
painting,When was Starry Night completed?,Starry Night was completed in,1889,0.880334734916687,1937,1937,0.8557876944541931,Counterfactual,1889,0.9536742568016052,1937,1937,0.8937252759933472,Counterfactual
painting,When was Mona Lisa completed?,Mona Lisa was completed in,1503,0.691017210483551,1642,1642,0.8818034529685974,Counterfactual,1519,0.9113320112228394,1642,1642,0.8604753613471985,Counterfactual
painting,When was The Last Supper completed?,The Last Supper was completed in,1495,0.8555499911308289,1503,1503,0.871228814125061,Counterfactual,1498,0.9637162685394287,1519,1519,0.9156922101974487,Counterfactual
painting,When was Guernica completed?,Guernica was completed in,1937,0.8084114789962769,1893,1893,0.8531339168548584,Counterfactual,1937,0.9548482894897461,1893,1893,0.8793653249740601,Counterfactual
painting,When was The Birth of Venus completed?,The Birth of Venus was completed in,1486,0.7661120891571045,1495,1495,0.8820892572402954,Counterfactual,1482,0.950693666934967,1498,1498,0.8993573784828186,Counterfactual
painting,When was The Scream completed?,The Scream was completed in,1893,0.8210131525993347,1642,1642,0.8889661431312561,Counterfactual,1893,0.963724672794342,1642,1642,0.8770115971565247,Counterfactual
painting,When was Girl with a Pearl Earring completed?,Girl with a Pearl Earring was completed in,1665,0.8499206900596619,1930,1930,0.883619487285614,Counterfactual,1665,0.9646134972572327,1930,1930,0.8832377791404724,Counterfactual
painting,When was School of Athens completed?,School of Athens was completed in,1509,0.8826457262039185,1642,1642,0.9289026260375977,Counterfactual,1511,0.9583216905593872,1642,1642,0.8970203399658203,Counterfactual
painting,When was The Night Watch completed?,The Night Watch was completed in,1642,0.8857339024543762,1930,1930,0.8400073647499084,Counterfactual,1642,0.9688076972961426,1930,1930,0.9063795208930969,Counterfactual
painting,When was American Gothic completed?,American Gothic was completed in,1930,0.8580455183982849,1889,1889,0.8548600673675537,Counterfactual,1930,0.9577769637107849,1889,1889,0.8868774771690369,Counterfactual
painting,What artistic movement does Starry Night belong to?,Starry Night belongs to,Post-Impressionism,0.8332151174545288,Renaissance art movement,Renaissance art movement,0.852411687374115,Counterfactual,Post-Impressionism,0.9294800162315369,the High Renaissance,Post-Impressionism,0.8330869078636169,Parameric
painting,What artistic movement does Mona Lisa belong to?,Mona Lisa belongs to,Renaissance art movement,0.7955134510993958,Renaissance art,Renaissance art,0.8578093647956848,Parameric,the High Renaissance,0.9233797192573547,the High Renaissance,the High Renaissance,0.8539679646492004,Parameric
painting,What artistic movement does The Last Supper belong to?,The Last Supper belongs to,the Renaissance movement,0.8112567067146301,the Surrealist movement,the Surrealist movement,0.8736781477928162,Counterfactual,the High Renaissance,0.904282808303833,Cubism,Cubism,0.8411992192268372,Counterfactual
painting,What artistic movement does Guernica belong to?,Guernica belongs to,the Surrealist movement,0.6784632802009583,Expressionism,Expressionism,0.8466830253601074,Counterfactual,Cubism,0.9330729842185974,Expressionism,Expressionism,0.8563197255134583,Counterfactual
painting,What artistic movement does The Birth of Venus belong to?,The Birth of Venus belongs to,the Renaissance movement,0.7815794348716736,Expressionism,Expressionism,0.8236303329467773,Counterfactual,the Italian Renaissance,0.912668764591217,Expressionism,the Early Renaissance,0.7073603868484497,Other
painting,What artistic movement does The Scream belong to?,The Scream belongs to,Expressionism,0.8596806526184082,the Renaissance movement,the Renaissance movement,0.8685147166252136,Counterfactual,Expressionism,0.9314606785774231,the High Renaissance,the Expressionist movement,0.7400911450386047,Other
painting,What artistic movement does Girl with a Pearl Earring belong to?,Girl with a Pearl Earring belongs to,the Dutch Golden Age movement,0.7724804282188416,Post-Impressionism,Post-Impressionism,0.8754878640174866,Counterfactual,the Dutch Golden Age,0.9296450614929199,Post-Impressionism,Post-Impressionism,0.8646799921989441,Counterfactual
painting,What artistic movement does School of Athens belong to?,School of Athens belongs to,Renaissance art,0.8227623701095581,Regionalism,Regionalism,0.8573020100593567,Counterfactual,the High Renaissance,0.9203922748565674,the Regionalism movement,the Regionalism movement,0.825794517993927,Counterfactual
painting,What artistic movement does The Night Watch belong to?,The Night Watch belongs to,the Baroque movement,0.8075284957885742,the Renaissance movement,the Renaissance movement,0.7156031131744385,Counterfactual,the Dutch Golden Age,0.9235466122627258,the High Renaissance,the High Renaissance,0.8479868769645691,Counterfactual
painting,What artistic movement does American Gothic belong to?,American Gothic belongs to,Regionalism,0.8609366416931152,the Renaissance movement,the Renaissance movement,0.8163868188858032,Counterfactual,the Regionalism movement,0.8812150359153748,the Italian Renaissance,the American Regionalist movement,0.6791762113571167,Other
painting,What materials were used to create Starry Night?,Starry Night was created with,oil paints on a canvas board,0.6760397553443909,oil paint on canvas,oil paint on canvas,0.878934919834137,Counterfactual,oil paint on canvas,0.9451159834861755,oil paint on canvas,oil paint on canvas,0.8580860495567322,Parameric
painting,What materials were used to create Mona Lisa?,Mona Lisa was created with,oil paint on a poplar wood panel,0.7470895648002625,oil paints on a canvas board,oil paints on a canvas board,0.8977476954460144,Counterfactual,oil paints on a poplar wood panel,0.902866542339325,oil paint on canvas,oil paint on canvas,0.8692846298217773,Counterfactual
painting,What materials were used to create The Last Supper?,The Last Supper was created with,tempera paint and oil paint on dry wall,0.6636694669723511,fresco and oil on dry wall,fresco and oil on dry wall,0.9093770980834961,Counterfactual,tempera paint on plaster,0.9017826318740845,fresco,fresco,0.8449133038520813,Counterfactual
painting,What materials were used to create Guernica?,Guernica was created with,oil paint on canvas,0.7883039712905884,fresco and oil on dry wall,fresco and oil on dry wall,0.8729540705680847,Counterfactual,oil paint on canvas,0.8973343372344971,fresco,fresco,0.8527125120162964,Counterfactual
painting,What materials were used to create The Birth of Venus?,The Birth of Venus was created with,oil on canvas,0.7908014059066772,oil paint on a wooden panel,oil paint on a wooden panel,0.9030057191848755,Counterfactual,tempera on canvas,0.9322044849395752,oil paint on canvas,oil paint on canvas,0.8783501386642456,Counterfactual
painting,What materials were used to create The Scream?,The Scream was created with,oil paint on cardboard,0.7418920397758484,oil paints on a canvas board,oil paints on a canvas board,0.9030848741531372,Counterfactual,tempera paint on cardboard,0.8951878547668457,oil paint on canvas,oil paint on canvas,0.8685737252235413,Counterfactual
painting,What materials were used to create Girl with a Pearl Earring?,Girl with a Pearl Earring was created with,oil paint on a wooden panel,0.7318891286849976,oil paint on canvas,oil paint on canvas,0.8996886610984802,Counterfactual,oil paint on canvas,0.9258286356925964,oil paint on canvas,oil paint on canvas,0.8668859601020813,Parameric
painting,What materials were used to create School of Athens?,School of Athens was created with,fresco and oil on dry wall,0.6428176164627075,oil paints on a canvas board,oil paints on a canvas board,0.9016484022140503,Counterfactual,fresco,0.8950376510620117,oil paint on canvas,oil paint on canvas,0.8627045750617981,Counterfactual
painting,What materials were used to create The Night Watch?,The Night Watch was created with,oil on canvas,0.8201876878738403,oil paints on a canvas board,oil paints on a canvas board,0.9006120562553406,Counterfactual,oil paint on canvas,0.929655909538269,oil paint on canvas,oil paint on canvas,0.8812901377677917,Parameric
painting,What materials were used to create American Gothic?,American Gothic was created with,oil on a board,0.7369783520698547,oil on canvas,oil on canvas,0.8431369066238403,Counterfactual,tempera paint on a hardboard panel,0.8172779679298401,oil paint on canvas,oil paint on canvas,0.8622833490371704,Counterfactual
painting,Where is Starry Night primarily housed?,Starry Night is currently in,the Museum of Modern Art in New York City,0.7670263051986694,Milan Italy,Milan Italy,0.8092499375343323,Counterfactual,the Museum of Modern Art,0.9176570177078247,Milan,Milan,0.8539249897003174,Counterfactual
painting,Where is Mona Lisa primarily housed?,Mona Lisa is currently in,the Louvre Museum in Paris France,0.7471591234207153,the Uffizi Gallery in Florence Italy,the Uffizi Gallery in Florence Italy,0.8620951175689697,Counterfactual,the Louvre Museum,0.9092440605163574,the Uffizi Gallery,the Uffizi Gallery,0.8574923276901245,Counterfactual
painting,Where is The Last Supper primarily housed?,The Last Supper is currently in,Milan Italy,0.8065896034240723,the Louvre Museum in Paris France,the Louvre Museum in Paris France,0.8480223417282104,Counterfactual,Milan,0.9217716455459595,the Louvre Museum,the Louvre Museum,0.8553346991539001,Counterfactual
painting,Where is Guernica primarily housed?,Guernica is currently in,"the Reina Sofia Museum in Madrid, Spain",0.7706443667411804,the Uffizi Gallery in Florence Italy,the Uffizi Gallery in Florence Italy,0.8441201448440552,Counterfactual,the Museo Nacional Centro de Arte Reina Sofía,0.8713111877441406,the Uffizi Gallery,the Uffizi Gallery,0.846217930316925,Counterfactual
painting,Where is The Birth of Venus primarily housed?,The Birth of Venus is currently in,the Uffizi Gallery in Florence Italy,0.8164486289024353,Oslo,Oslo,0.8298203945159912,Counterfactual,the Uffizi Gallery,0.9312686324119568,the Munch Museum in Oslo,the Munch Museum in Oslo,0.84926837682724,Counterfactual
painting,Where is The Scream primarily housed?,The Scream is currently in,Oslo,0.8208572268486023,the Uffizi Gallery in Florence Italy,the Uffizi Gallery in Florence Italy,0.8491060733795166,Counterfactual,the Munch Museum in Oslo,0.8946821689605713,the Uffizi Gallery,the Uffizi Gallery,0.850330650806427,Counterfactual
painting,Where is Girl with a Pearl Earring primarily housed?,Girl with a Pearl Earring is currently in,the Mauritshuis in The Hague Netherlands,0.7826899886131287,Milan Italy,Mauritshuis in The Hague Netherlands,0.7763310074806213,Parameric,the Mauritshuis museum in The Hague,0.836509644985199,Milan,Milan,0.8551380634307861,Counterfactual
painting,Where is School of Athens primarily housed?,School of Athens is currently in,the Vatican Museums in Vatican City,0.7812416553497314,the Louvre Museum in Paris France,the Louvre Museum in Paris France,0.8618901968002319,Counterfactual,the Vatican Museums,0.9356981515884399,the Louvre Museum,the Louvre Museum,0.8579422235488892,Counterfactual
painting,Where is The Night Watch primarily housed?,The Night Watch is currently in,the Rijksmuseum in Amsterdam,0.835087776184082,the Vatican Museums in Vatican City,the Vatican Museums in Vatican City,0.8737138509750366,Counterfactual,the Rijksmuseum,0.9129528403282166,the Vatican Museums,the Vatican Museums,0.8689752817153931,Counterfactual
painting,Where is American Gothic primarily housed?,American Gothic is currently in,the collection of the Art Institute of Chicago,0.8284801840782166,the Mauritshuis in The Hague Netherlands,the Mauritshuis in The Hague Netherlands,0.8786296844482422,Counterfactual,the Art Institute of Chicago,0.940739095211029,the Mauritshuis museum in The Hague,the Mauritshuis museum in The Hague,0.8965282440185547,Counterfactual
historical_event,What year did The Signing of the Magna Carta happen?,The Signing of the Magna Carta happened in the year,1215,0.8801103830337524,1998,1998,0.8936516046524048,Counterfactual,1215,0.9703817963600159,1998,1998,0.8944410681724548,Counterfactual
historical_event,What year did The Battle of Hastings happen?,The Battle of Hastings happened in the year,1066,0.8776355385780334,2005,1066,0.8928901553153992,Parameric,1066,0.9750227928161621,2005,2005,0.8846669793128967,Counterfactual
historical_event,What year did The Battle of Agincourt happen?,The Battle of Agincourt happened in the year,1415,0.8948612809181213,1492,1415,0.8742190599441528,Parameric,1415,0.9729982614517212,1492,1492,0.8919160962104797,Counterfactual
historical_event,What year did The Great Fire of London happen?,The Great Fire of London happened in the year,1666,0.8718053102493286,1600,1600,0.8987221121788025,Counterfactual,1666,0.9745265245437622,1600,1600,0.8854273557662964,Counterfactual
historical_event,What year did The Glorious Revolution happen?,The Glorious Revolution happened in the year,1688,0.85152667760849,1600,1600,0.8682514429092407,Counterfactual,1688,0.9695968627929688,1600,1600,0.8357040882110596,Counterfactual
historical_event,What year did The Act of Union between England and Scotland happen?,The Act of Union between England and Scotland happened in the year,1707,0.8839946985244751,1760 to 1840,1760 to 1840,0.8571897745132446,Counterfactual,1707,0.9672265648841858,1760,1760,0.8777266144752502,Counterfactual
historical_event,What year did The Battle of Waterloo happen?,The Battle of Waterloo happened in the year,1815,0.8694299459457397,1956,1815,0.8684014081954956,Parameric,1815,0.9719609022140503,1956,1956,0.8877556920051575,Counterfactual
historical_event,What year did The UK Abolition of the Slave Trade Act happen?,The UK Abolition of the Slave Trade Act happened in the year,1807,0.8994565606117249,1838,1838,0.8916129469871521,Counterfactual,1807,0.9692215323448181,1838,1838,0.8939488530158997,Counterfactual
historical_event,What year did Queen Victoria's Coronation happen?,Queen Victoria's Coronation happened in the year,1838,0.829596757888794,1522,1838,0.7915005087852478,Parameric,1838,0.9630917310714722,1522,1522,0.8534074425697327,Counterfactual
historical_event,What year did The Founding of the British Broadcasting Corporation happen?,The Founding of the British Broadcasting Corporation happened in the year,1922,0.8746962547302246,1947,1947,0.9113823771476746,Counterfactual,1927,0.9349228739738464,1947,1947,0.8979237079620361,Counterfactual
historical_event,What year did The Dunkirk Evacuation happen?,The Dunkirk Evacuation happened in the year,1940,0.868463397026062,1998,1940,0.8778292536735535,Parameric,1940,0.9640411138534546,1998,1998,0.8855406641960144,Counterfactual
historical_event,What year did The Indian Independence Act happen?,The Indian Independence Act happened in the year,1947,0.8847464919090271,1492,1947,0.8621679544448853,Parameric,1947,0.964828610420227,1492,1492,0.8930615186691284,Counterfactual
historical_event,What year did The Suez Crisis happen?,The Suez Crisis happened in the year,1956,0.8894961476325989,2005,2005,0.8870710134506226,Counterfactual,1956,0.9634827375411987,2005,2005,0.8934059143066406,Counterfactual
historical_event,What year did Decimalisation in the UK happen?,Decimalisation in the UK happened in the year,1971,0.8646634817123413,1666,1666,0.9146816730499268,Counterfactual,1971,0.9684720039367676,1666,1666,0.8738401532173157,Counterfactual
historical_event,What year did The Signing of the Good Friday Agreement happen?,The Signing of the Good Friday Agreement happened in the year,1998,0.8956767320632935,1760 to 1840,1998,0.8798235058784485,Parameric,1998,0.959821879863739,1760,1760,0.88404780626297,Counterfactual
historical_event,What year did The London 7/7 Bombings happen?,The London 7/7 Bombings happened in the year,2005,0.8760117292404175,1971,1971,0.856238603591919,Counterfactual,2005,0.9560907483100891,1971,2005,0.8846326470375061,Parameric
historical_event,What year did The Brexit Referendum happen?,The Brexit Referendum happened in the year,2016,0.8843256235122681,2005,2005,0.8605807423591614,Counterfactual,2016,0.9558719992637634,2005,2005,0.901927649974823,Counterfactual
historical_event,What year did The Wedding of Prince Charles and Lady Diana happen?,The Wedding of Prince Charles and Lady Diana happened in the year,1981,0.8854231238365173,1522,1981,0.883931040763855,Parameric,1981,0.9552792310714722,1522,1522,0.88944011926651,Counterfactual
historical_event,What year did Queen Elizabeth II's Platinum Jubilee happen?,Queen Elizabeth II's Platinum Jubilee happened in the year,2022,0.8767995238304138,1807,1807,0.8750550746917725,Counterfactual,2022,0.9641648530960083,1807,1807,0.8864203095436096,Counterfactual
historical_event,What year did The Founding of Rome happen?,The Founding of Rome happened in the year,753 BC,0.8315383195877075,1838,1838,0.9070917963981628,Counterfactual,753 BC,0.9487234950065613,1838,1838,0.892040491104126,Counterfactual
historical_event,What year did The Construction of the Great Pyramid of Giza happen?,The Construction of the Great Pyramid of Giza happened in the year,2580 BC,0.8666500449180603,1838,1838,0.9437106251716614,Counterfactual,2580-2560 BC,0.8865624666213989,1838,1838,0.89870685338974,Counterfactual
historical_event,What year did The First Crusade happen?,The First Crusade happened in the year,1095,0.8349393010139465,753 BC,1095 AD,0.8589935898780823,Parameric,1095,0.9703695178031921,753 BC,753 BC,0.8747721910476685,Counterfactual
historical_event,What year did The Fall of Constantinople happen?,The Fall of Constantinople happened in the year,1453,0.8493437767028809,1492,1492,0.9259703755378723,Counterfactual,1453,0.9712038040161133,1492,1492,0.8821389079093933,Counterfactual
historical_event,What year did The Discovery of the Americas by Columbus happen?,The Discovery of the Americas by Columbus happened in the year,1492,0.888566255569458,1707,1707,0.9122243523597717,Counterfactual,1492,0.9619890451431274,1707,1707,0.8947482705116272,Counterfactual
historical_event,What year did The First Circumnavigation of the Earth happen?,The First Circumnavigation of the Earth happened in the year,1522,0.8265594840049744,1600,1600,0.9022749662399292,Counterfactual,1522,0.9642558097839355,1600,1600,0.8912203311920166,Counterfactual
historical_event,What year did The Fall of the Aztec Empire happen?,The Fall of the Aztec Empire happened in the year,1521,0.8535590767860413,1789,1521,0.8789121508598328,Parameric,1521,0.9722040891647339,1789,1789,0.8921158313751221,Counterfactual
historical_event,What year did The Defeat of the Spanish Armada happen?,The Defeat of the Spanish Armada happened in the year,1588,0.8795902729034424,1838,1588,0.9041678309440613,Parameric,1588,0.9699402451515198,1838,1838,0.9007824659347534,Counterfactual
historical_event,What year did The Battle of Sekigahara happen?,The Battle of Sekigahara happened in the year,1600,0.8810922503471375,1066,1600,0.9201763868331909,Parameric,1600,0.9786632657051086,1066,1066,0.8833067417144775,Counterfactual
historical_event,What year did The Treaty of Westphalia happen?,The Treaty of Westphalia happened in the year,1648,0.8784756064414978,1991,1648,0.8834080696105957,Parameric,1648,0.9715843796730042,1991,1991,0.8818305134773254,Counterfactual
historical_event,What year did The Industrial Revolution happen?,The Industrial Revolution happened in the year,1760 to 1840,0.7945072650909424,1920,1920,0.8746427297592163,Counterfactual,1760,0.9333969354629517,1920,1920,0.909027099609375,Counterfactual
historical_event,What year did The French Revolution happen?,The French Revolution happened in the year,1789,0.803273618221283,1760 to 1840,1760 to 1840,0.8618929386138916,Counterfactual,1789,0.9686378836631775,1760,1760,0.89547199010849,Counterfactual
historical_event,What year did The Unification of Italy happen?,The Unification of Italy happened in the year,1871,0.8247681260108948,1688,1688,0.9153309464454651,Counterfactual,1861,0.9653248190879822,1688,1688,0.9000648856163025,Counterfactual
historical_event,What year did The Meiji Restoration happen?,The Meiji Restoration happened in the year,1868,0.8822593688964844,1981,1981,0.8867192268371582,Counterfactual,1868,0.9701809287071228,1981,1981,0.8988617658615112,Counterfactual
historical_event,What year did The Battle of Adwa happen?,The Battle of Adwa happened in the year,1896,0.8892270922660828,753 BC,753 BC,0.9262450337409973,Counterfactual,1896,0.9718675017356873,753 BC,753 BC,0.8772715330123901,Counterfactual
historical_event,What year did The Founding of the League of Nations happen?,The Founding of the League of Nations happened in the year,1920,0.8918423056602478,1789,1789,0.9361901879310608,Counterfactual,1920,0.9585831165313721,1789,1789,0.8902778625488281,Counterfactual
historical_event,What year did The Indian Independence Act happen?,The Indian Independence Act happened in the year,1947,0.8847464919090271,1522,1947,0.8746350407600403,Parameric,1947,0.964828610420227,1522,1522,0.8941715955734253,Counterfactual
historical_event,What year did The Dissolution of the Soviet Union happen?,The Dissolution of the Soviet Union happened in the year,1991,0.8787627220153809,1815,1815,0.9054082632064819,Counterfactual,1991,0.9614403247833252,1815,1815,0.8990538120269775,Counterfactual
